<?xml version="1.0" encoding="UTF-8"?>  
<beans xmlns="http://www.springframework.org/schema/beans"
	xmlns:xsi="http://www.w3.org/2001/XMLSchema-instance" xmlns:aop="http://www.springframework.org/schema/aop"
	xmlns:tx="http://www.springframework.org/schema/tx" 
	xmlns:context="http://www.springframework.org/schema/context"
	xmlns:mvc="http://www.springframework.org/schema/mvc"
	xsi:schemaLocation="http://www.springframework.org/schema/beans
		 http://www.springframework.org/schema/beans/spring-beans-3.0.xsd
		 http://www.springframework.org/schema/context
		http://www.springframework.org/schema/context/spring-context-3.0.xsd 
		 http://www.springframework.org/schema/tx 
		http://www.springframework.org/schema/tx/spring-tx-3.0.xsd
		 http://www.springframework.org/schema/aop 
		http://www.springframework.org/schema/aop/spring-aop-3.0.xsd
		http://www.springframework.org/schema/mvc
		http://www.springframework.org/schema/mvc/spring-mvc-3.0.xsd">
      
      <context:component-scan base-package="com.cg"/>
      <tx:annotation-driven transaction-manager="transactionManager"/>
      
      
      <bean id="lcemf" class="org.springframework.orm.jpa.LocalContainerEntityManagerFactoryBean" >
        <property name="dataSource" ref="dataSource"/>
        <property name="packagesToScan" value="com.cg.entity"/>
        <property name="persistenceProviderClass"    value="org.hibernate.jpa.HibernatePersistenceProvider"/>
        
        <property name="jpaProperties">
            <props>
                <prop key="hibernate.dialect">org.hibernate.dialect.Oracle10gDialect</prop>
                <prop key="hibernate.show_sql">true</prop>
                <prop key="hibernate.format_sql">true</prop>
                <prop key="hibernate.hbm2ddl.auto">update</prop>
            </props>
        </property>   
        </bean>  
          
      <bean id="dataSource" class="org.springframework.jdbc.datasource.DriverManagerDataSource">
        <property name="driverClassName" value="oracle.jdbc.driver.OracleDriver" />
        <property name="url" value="jdbc:oracle:thin:@localhost:1521:XE"/>
        <property name="username" value="xe" />
        <property name="password" value="govind"/>
         
    </bean>
     <bean id="transactionManager"  class="org.springframework.orm.jpa.JpaTransactionManager">
        <property name="entityManagerFactory" ref="lcemf" />
    </bean>
    
 </beans>  



